,City,Lat,Lng,Max Temp,Humidity,Cloudiness,Wind Speed,Description
0,Kaa-Khem,51.6833,94.7333,67.17,55,3,2.13,clear sky
1,Abu Samrah,35.3029,37.1841,77.02,58,0,6.38,clear sky
2,Faanui,-16.4833,-151.75,78.96,66,6,14.14,clear sky
3,Lagoa,39.05,-27.9833,72.9,82,7,17.6,clear sky
4,Busselton,-33.65,115.3333,54.88,79,100,5.91,overcast clouds
5,Pisco,-13.7,-76.2167,61.02,82,0,9.22,clear sky
6,Oxelosund,58.6706,17.1015,55.78,94,0,3.44,clear sky
7,Mar Del Plata,-38.0023,-57.5575,41.02,87,0,5.75,clear sky
8,Ushuaia,-54.8,-68.3,44.26,81,90,34.52,moderate rain
9,Saskylakh,71.9167,114.0833,45.91,78,100,10.78,overcast clouds
10,Yellowknife,62.456,-114.3525,66.72,55,75,6.91,broken clouds
11,Humboldt,40.6665,-123.9178,72.61,30,32,4.68,scattered clouds
12,Punta Arenas,-53.15,-70.9167,44.71,76,0,39.12,clear sky
13,Port Blair,11.6667,92.75,77.04,88,75,13.8,broken clouds
14,Khatanga,71.9667,102.5,47.46,77,100,7.78,overcast clouds
15,Butaritari,3.0707,172.7902,81.75,77,30,7.83,light rain
16,Acapulco,16.8634,-99.8901,85.82,74,40,8.05,scattered clouds
17,Rikitea,-23.1203,-134.9692,74.44,82,6,14.74,light rain
18,Longonjo,-12.9067,15.2533,57.97,30,0,0.18,clear sky
19,Ust-Tsilma,65.441,52.1498,59.5,99,100,5.1,overcast clouds
20,Prieska,-29.6641,22.7474,39.2,76,22,13.96,few clouds
21,Jacareacanga,-6.2222,-57.7528,85.03,34,100,1.43,overcast clouds
22,Zhezkazgan,47.8043,67.7144,60.46,65,100,18.75,overcast clouds
23,Esmeralda,21.8525,-78.1169,83.44,79,1,6.6,clear sky
24,Saint George,37.1041,-113.5841,100.99,22,1,5.01,clear sky
25,Avarua,-21.2078,-159.775,69.85,88,75,12.66,moderate rain
26,Camapua,-19.5314,-54.0439,74.05,47,1,6.42,clear sky
27,Padang,-0.9492,100.3543,75.25,83,87,2.77,overcast clouds
28,Sao Paulo De Olivenca,-3.3783,-68.8725,73.13,97,70,3.04,broken clouds
29,Atambua,-9.1061,124.8925,82.38,49,9,4.29,clear sky
30,Lata,40.1629,-8.3327,62.92,92,10,1.97,clear sky
31,Thompson,55.7435,-97.8558,51.96,66,90,12.66,overcast clouds
32,Saint-Philippe,-21.3585,55.7679,69.35,85,40,10.29,scattered clouds
33,Barrow,71.2906,-156.7887,37.42,75,90,11.5,overcast clouds
34,Kruisfontein,-34.0033,24.7314,45.88,76,72,4.36,broken clouds
35,Margate,51.3813,1.3862,60.91,86,0,1.99,clear sky
36,Tabuk,17.4189,121.4443,78.91,79,100,2.62,overcast clouds
37,Cape Town,-33.9258,18.4232,52.12,79,0,1.99,clear sky
38,Tiksi,71.6872,128.8694,50.31,67,97,19.84,overcast clouds
39,Hobart,-42.8794,147.3294,57.25,60,75,8.99,broken clouds
40,Camacha,33.0833,-16.3333,69.22,68,40,8.05,scattered clouds
41,Boende,-0.2167,20.8667,71.15,97,100,2.71,light rain
42,Kodiak,57.79,-152.4072,58.51,67,90,4.61,overcast clouds
43,Tahta,26.7693,31.5021,84.31,24,0,4.72,clear sky
44,Atuona,-9.8,-139.0333,75.7,77,75,10.69,light rain
45,Nikolskoye,59.7035,30.7861,63.01,95,100,14.81,moderate rain
46,Dingle,10.9995,122.6711,84.54,73,57,5.44,broken clouds
47,Cap Malheureux,-19.9842,57.6142,72.09,84,15,4.0,few clouds
48,Husavik,66.0449,-17.3389,49.91,93,22,0.51,few clouds
49,Port Macquarie,-31.4333,152.9167,60.76,60,39,2.89,scattered clouds
50,Mataura,-46.1927,168.8643,51.48,68,7,3.78,clear sky
51,Hermanus,-34.4187,19.2345,51.91,77,12,9.69,few clouds
52,Kijang,35.2442,129.2139,80.33,81,100,9.46,light rain
53,Port Alfred,-33.5906,26.891,53.96,70,68,12.33,light rain
54,La Ronge,55.1001,-105.2842,62.82,41,75,12.66,broken clouds
55,Vaini,-21.2,-175.2,73.56,73,40,14.97,scattered clouds
56,Ouesso,1.6136,16.0517,70.34,95,95,3.87,light rain
57,Madrid,40.4165,-3.7026,85.37,25,0,1.99,clear sky
58,Saldanha,-33.0117,17.9442,42.85,72,0,15.3,clear sky
59,Norman Wells,65.282,-126.8329,69.84,52,75,13.8,broken clouds
60,Catamayo,-3.9833,-79.35,62.13,89,15,1.97,few clouds
61,Bluff,-46.6,168.3333,51.8,73,22,15.43,few clouds
62,Puerto Ayora,-0.7393,-90.3518,69.55,84,20,7.0,few clouds
63,Alofi,-19.0595,-169.9187,73.29,78,93,8.05,overcast clouds
64,Serra Branca,-6.5333,-38.2667,78.55,52,64,9.35,broken clouds
65,Dhola,21.8833,71.7833,81.52,70,100,9.75,overcast clouds
66,Bredasdorp,-34.5322,20.0403,43.29,87,87,2.3,overcast clouds
67,Isiro,2.7739,27.616,66.13,99,98,0.81,light rain
68,Quatre Cocos,-20.2078,57.7625,71.71,82,42,12.3,light rain
69,Tarko-Sale,64.9225,77.785,58.5,62,98,8.57,overcast clouds
70,Marion,39.7684,-86.1555,80.92,78,90,10.36,light rain
71,Santa Catarina De Tepehuanes,25.35,-105.7333,74.48,47,68,8.57,broken clouds
72,Kavaratti,10.5669,72.642,81.81,77,100,17.31,overcast clouds
73,Tilichiki,60.4667,166.1,63.9,61,33,7.07,scattered clouds
74,Shubarshi,48.5872,57.1869,62.1,47,0,9.17,clear sky
75,Alice Springs,-23.7,133.8833,54.95,33,0,12.66,clear sky
76,Kapaa,22.0752,-159.319,87.78,67,40,4.0,scattered clouds
77,Adrar,20.5022,-10.0711,93.76,12,95,16.49,overcast clouds
78,Hithadhoo,-0.6,73.0833,80.33,76,100,9.78,overcast clouds
79,Hobyo,5.3505,48.5268,75.92,87,75,20.0,broken clouds
80,Sao Filipe,14.8961,-24.4956,75.76,79,13,13.18,few clouds
81,New Norfolk,-42.7826,147.0587,57.92,61,81,8.01,broken clouds
82,Katobu,-4.9408,122.5276,80.47,81,99,9.04,overcast clouds
83,Wajima,37.4,136.9,70.48,100,75,4.61,broken clouds
84,Tuatapere,-46.1333,167.6833,51.82,67,19,3.44,few clouds
85,Ilulissat,69.2167,-51.1,48.22,61,100,4.61,overcast clouds
86,Pevek,69.7008,170.3133,40.26,99,100,9.86,moderate rain
87,Sitka,57.0531,-135.33,62.49,88,90,5.75,light rain
88,Nome,64.5011,-165.4064,51.17,57,1,10.36,clear sky
89,Kaitangata,-46.2817,169.8464,51.75,66,6,7.7,clear sky
90,Hilo,19.7297,-155.09,83.93,74,20,10.36,few clouds
91,Santander,43.4647,-3.8044,67.98,92,90,3.0,overcast clouds
92,Uglegorsk,49.0833,142.0333,64.8,67,0,6.53,clear sky
93,Clyde River,70.4692,-68.5914,37.63,100,90,16.11,light rain
94,Tazovskiy,67.4667,78.7,56.07,72,100,6.24,overcast clouds
95,Roma,43.2128,-75.4557,79.43,88,100,2.21,overcast clouds
96,Lorengau,-2.0226,147.2712,81.46,78,100,5.48,overcast clouds
97,Port Antonio,18.18,-76.4612,82.31,84,14,9.57,few clouds
98,Arraial Do Cabo,-22.9661,-42.0278,68.79,85,100,17.29,overcast clouds
99,Lipin Bor,60.2622,37.9763,63.72,95,97,8.23,overcast clouds
100,Nouadhibou,20.931,-17.0347,71.58,78,5,20.71,sand
101,Qaanaaq,77.484,-69.3632,38.61,72,17,2.37,few clouds
102,Portland,45.5234,-122.6762,106.81,30,75,1.01,smoke
103,Tasiilaq,65.6145,-37.6368,46.56,70,100,2.86,overcast clouds
104,Calvia,39.5657,2.5062,82.08,83,0,2.95,clear sky
105,Green River,41.5286,-109.4662,90.19,16,6,3.0,clear sky
106,Birnin Kebbi,12.4539,4.1975,73.99,93,100,4.07,heavy intensity rain
107,Port Elizabeth,-33.918,25.5701,48.49,93,75,5.75,broken clouds
108,Albany,42.6001,-73.9662,77.65,92,63,6.91,broken clouds
109,Camacupa,-12.0167,17.4833,56.55,21,4,3.0,clear sky
110,Talnakh,69.4865,88.3972,49.03,69,18,6.53,few clouds
111,Mount Isa,-20.7333,139.5,71.37,30,0,10.36,clear sky
112,Coquimbo,-29.9533,-71.3436,49.73,81,0,4.61,clear sky
113,Nuuk,64.1835,-51.7216,50.61,71,68,9.22,broken clouds
114,Sorland,67.667,12.6934,54.88,85,100,4.27,overcast clouds
115,Kalmunai,7.4167,81.8167,79.74,82,100,7.43,overcast clouds
116,Namibe,-15.1961,12.1522,61.34,88,0,6.76,clear sky
117,Huarmey,-10.0681,-78.1522,63.16,83,87,11.36,overcast clouds
118,Prince Rupert,54.3161,-130.3201,69.89,82,1,5.75,clear sky
119,Chokurdakh,70.6333,147.9167,56.16,81,100,12.03,light rain
120,Soria,41.6667,-2.6667,65.86,46,0,2.26,clear sky
121,Erdaojiang,41.7764,126.0319,70.3,77,66,1.88,broken clouds
122,Narsaq,60.9167,-46.05,52.02,76,89,2.91,overcast clouds
123,Severo-Kurilsk,50.6789,156.125,56.88,68,4,6.73,clear sky
124,Bairiki,1.3292,172.9752,84.2,79,40,9.22,light intensity drizzle
125,Gambiran,-6.7988,111.4951,80.35,69,43,5.66,scattered clouds
126,Carnarvon,-24.8667,113.6333,48.27,28,0,5.75,clear sky
127,Kiruna,67.8557,20.2251,50.92,87,90,2.3,overcast clouds
128,Fortuna,40.5982,-124.1573,82.42,74,81,4.94,broken clouds
129,Natal,-5.795,-35.2094,77.22,83,20,8.05,few clouds
130,East London,-33.0153,27.9116,56.62,62,100,14.0,light rain
131,Labuhan,-6.8844,112.2051,80.2,75,100,8.9,overcast clouds
132,Hamilton,39.1834,-84.5333,90.79,68,1,10.36,clear sky
133,San Patricio,28.017,-97.5169,90.01,64,100,12.59,overcast clouds
134,Avera,33.194,-82.5271,87.75,56,0,5.91,clear sky
135,Uige,-7.6087,15.0613,63.09,92,86,2.59,overcast clouds
136,Fairbanks,64.8378,-147.7164,60.8,70,90,5.75,light intensity shower rain
137,Cidreira,-30.1811,-50.2056,55.9,80,100,7.34,overcast clouds
138,Castro,-24.7911,-50.0119,48.99,97,100,7.11,overcast clouds
139,Sechura,-5.5569,-80.8222,66.2,78,29,14.34,scattered clouds
140,Poum,-20.2333,164.0167,71.85,61,19,11.32,few clouds
141,Dikson,73.5069,80.5464,44.83,100,100,11.16,overcast clouds
142,Chuy,-33.6971,-53.4616,43.95,87,0,5.41,clear sky
143,Leningradskiy,69.3833,178.4167,51.93,53,100,2.86,overcast clouds
144,Seoul,37.5683,126.9778,80.17,73,0,4.61,clear sky
145,Paamiut,61.994,-49.6678,43.99,83,100,7.36,overcast clouds
146,Vinkovci,45.2883,18.8047,72.45,94,0,4.61,clear sky
147,Praia Da Vitoria,38.7333,-27.0667,75.45,83,40,24.25,scattered clouds
148,Tuktoyaktuk,69.4541,-133.0374,46.4,93,90,14.97,light intensity shower rain
149,Niscemi,37.1486,14.3913,80.98,58,0,4.12,clear sky
150,Wufeng,27.45,104.8333,61.52,99,100,3.38,overcast clouds
151,Mackay,-21.15,149.2,76.05,78,7,18.41,clear sky
152,Bambous Virieux,-20.3428,57.7575,71.85,88,40,12.66,scattered clouds
153,Jamestown,42.097,-79.2353,78.39,88,90,8.05,overcast clouds
154,Salalah,17.0151,54.0924,77.09,83,75,3.44,broken clouds
155,Faya,18.3851,42.4509,68.11,44,79,1.14,broken clouds
156,Urumqi,43.801,87.6005,77.95,36,100,6.71,overcast clouds
157,Atbasar,51.8,68.3333,51.06,84,4,11.68,clear sky
158,Berlevag,70.8578,29.0864,50.76,92,88,1.79,overcast clouds
159,Guerrero Negro,27.9769,-114.0611,83.35,65,8,14.12,clear sky
160,Cherskiy,68.75,161.3,58.91,68,100,8.57,overcast clouds
161,Kibaya,-5.3,36.5667,52.09,92,9,3.13,clear sky
162,Preobrazheniye,42.9019,133.9064,68.14,66,30,13.0,scattered clouds
163,Oudtshoorn,-33.5907,22.2014,43.16,90,98,4.09,light rain
164,Aswan,24.0934,32.907,88.9,18,0,11.5,clear sky
165,Vaitape,-16.5167,-151.75,78.96,66,5,14.05,clear sky
166,Kieta,-6.2167,155.6333,82.92,74,55,7.36,light rain
167,Airai,-8.9266,125.4092,70.99,48,27,5.59,scattered clouds
168,Shenjiamen,29.9576,122.298,78.8,89,98,5.39,light rain
169,Madimba,-10.4,40.3333,68.86,87,0,5.48,clear sky
170,Luderitz,-26.6481,15.1594,52.99,68,0,21.59,clear sky
171,Oranjemund,-28.55,16.4333,50.95,76,0,18.21,clear sky
172,Saint-Joseph,-21.3667,55.6167,68.36,82,19,5.99,few clouds
173,Grindavik,63.8424,-22.4338,55.56,93,0,14.97,clear sky
174,Suntar,62.1444,117.6319,71.08,68,58,5.32,broken clouds
175,Sovetskiy,61.3614,63.5842,54.25,74,99,4.94,overcast clouds
176,Khandyga,62.6667,135.6,75.9,48,39,3.53,scattered clouds
177,Nanortalik,60.1432,-45.2371,44.46,83,64,9.35,broken clouds
178,Himeji,34.8167,134.7,80.53,87,100,20.6,overcast clouds
179,Klyuchi,52.2667,79.1667,56.89,88,100,13.38,overcast clouds
180,Huilong,31.8111,121.655,85.03,81,100,13.67,overcast clouds
181,Manakara,-22.1333,48.0167,63.45,93,3,7.14,clear sky
182,Georgetown,5.4112,100.3354,82.89,87,20,1.01,few clouds
183,Vila Velha,-20.3297,-40.2925,71.55,88,20,4.61,few clouds
184,Katsuura,35.1333,140.3,73.51,88,100,14.45,overcast clouds
185,Bethel,41.3712,-73.414,83.71,73,0,4.74,clear sky
186,Biritiba-Mirim,-23.5698,-46.0407,57.38,98,100,3.09,overcast clouds
187,Mindelo,16.8901,-24.9804,76.55,69,20,19.57,few clouds
188,Eenhana,-17.4667,16.3333,64.15,26,0,5.12,clear sky
189,Yaan,7.3833,8.5667,71.74,96,100,4.54,light rain
190,Nsanje,-16.92,35.262,65.21,71,0,1.99,clear sky
191,Presidencia Roque Saenz Pena,-26.7852,-60.4388,48.11,46,0,6.6,clear sky
192,San Carlos De Bariloche,-41.1456,-71.3082,35.35,55,0,5.75,clear sky
193,Carutapera,-1.195,-46.02,78.24,89,100,7.63,overcast clouds
194,Gauripur,26.0835,89.9616,80.22,89,100,7.0,overcast clouds
195,Macusani,-14.0833,-70.4333,38.14,79,50,4.0,scattered clouds
196,Torbay,47.6666,-52.7314,59.29,86,90,8.05,overcast clouds
197,Chimoio,-19.1164,33.4833,60.66,67,0,3.49,clear sky
198,Kamenka,51.3223,42.7678,67.66,92,41,6.55,scattered clouds
199,Chapada Dos Guimaraes,-15.4606,-55.7497,65.86,53,5,1.88,clear sky
200,Aksarka,66.5606,67.7975,57.88,80,100,9.73,overcast clouds
201,Mahebourg,-20.4081,57.7,71.89,88,40,12.66,scattered clouds
202,Manyana,-23.4,21.7167,46.08,40,0,10.85,clear sky
203,Warrnambool,-38.3833,142.4833,55.81,72,2,18.81,clear sky
204,Hokitika,-42.7167,170.9667,53.19,72,22,7.99,few clouds
205,Cayenne,4.9333,-52.3333,79.09,84,0,2.3,clear sky
206,Provideniya,64.3833,-173.3,41.11,75,75,13.42,broken clouds
207,Saint-Augustin,51.226,-58.6502,61.43,96,100,4.63,overcast clouds
208,Lae,-6.7221,146.9847,85.57,59,88,3.33,overcast clouds
209,Chicama,-7.8447,-79.1469,61.34,78,17,6.49,few clouds
210,Mayumba,-3.432,10.6554,72.93,89,44,2.68,scattered clouds
211,Kousseri,12.0769,15.0306,76.96,88,40,4.61,scattered clouds
212,Chumikan,54.7183,135.315,72.55,59,13,12.97,few clouds
213,Eirunepe,-6.6603,-69.8736,79.99,46,25,2.42,scattered clouds
214,Moose Factory,51.2585,-80.6094,73.4,46,40,9.22,scattered clouds
215,Lompoc,34.6391,-120.4579,86.11,70,1,13.8,clear sky
216,Nova Vicosa,-17.8919,-39.3719,70.2,87,10,6.31,clear sky
217,Taoudenni,22.6783,-3.9836,100.0,8,0,10.83,clear sky
218,Barhi,23.9,80.8,75.54,90,100,7.56,overcast clouds
219,Kondinskoye,59.6481,67.41,55.17,78,97,3.65,overcast clouds
220,Melfort,52.8667,-104.6177,64.53,34,10,14.97,clear sky
221,Te Anau,-45.4167,167.7167,47.57,81,53,3.27,broken clouds
222,Mashhad,36.297,59.6062,73.54,31,0,6.91,clear sky
223,Tahe,52.3333,124.7333,71.85,48,20,1.68,few clouds
224,Byadgi,14.6833,75.4833,69.22,95,100,6.85,overcast clouds
225,Kaeo,-35.1,173.7833,62.33,77,99,13.69,light rain
226,Daru,-9.0763,143.2092,78.98,89,83,13.91,broken clouds
227,Brae,60.3964,-1.353,55.31,90,51,11.83,broken clouds
228,Klaksvik,62.2266,-6.589,52.72,91,100,14.94,overcast clouds
229,Victoria,22.2855,114.1577,87.96,83,83,7.27,broken clouds
230,Nueva Guinea,11.6876,-84.4562,73.6,94,100,4.97,light rain
231,Jalu,29.0331,21.5482,85.35,46,0,13.18,clear sky
232,Bongouanou,6.6486,-4.1992,69.37,98,100,2.95,overcast clouds
233,Eyl,7.9803,49.8164,75.36,82,71,16.13,broken clouds
234,Belyy Yar,53.6039,91.3903,62.49,94,0,0.0,light rain
235,Bongor,10.2806,15.3722,69.62,96,100,4.23,overcast clouds
236,Constitucion,-35.3333,-72.4167,46.92,87,1,1.03,clear sky
237,Aklavik,68.2191,-135.0107,52.63,92,100,13.56,light rain
238,Ballina,-28.8667,153.5667,68.18,83,90,8.05,overcast clouds
239,Krasnyy Yar,46.5331,48.3456,78.73,54,100,16.69,overcast clouds
240,Monrovia,6.3005,-10.7969,76.77,87,100,13.58,moderate rain
241,Naze,28.3667,129.4833,79.72,84,100,18.52,overcast clouds
242,Zabid,14.1951,43.3152,88.83,62,93,0.49,overcast clouds
243,Souillac,-20.5167,57.5167,71.98,88,40,12.66,scattered clouds
244,Richards Bay,-28.783,32.0377,60.8,72,100,17.58,light rain
245,Sao Lourenco Do Oeste,-26.3592,-52.8511,51.71,98,100,2.98,moderate rain
246,Polunochnoye,60.8697,60.4153,51.26,77,85,3.22,overcast clouds
247,Sicamous,50.8331,-118.9856,94.19,27,0,1.61,clear sky
248,Wentzville,38.8114,-90.8529,70.92,64,100,3.29,light rain
249,Sola,-13.8833,167.55,77.67,89,90,11.5,overcast clouds
250,Batsfjord,70.6345,29.7185,50.52,94,98,1.25,overcast clouds
251,Sharan,54.8167,54.0,55.92,46,9,4.09,clear sky
252,Chapais,49.7834,-74.8492,71.38,61,53,5.12,broken clouds
253,Gazli,40.1333,63.45,79.29,32,0,12.55,clear sky
254,Ribeira Grande,38.5167,-28.7,73.54,85,18,25.86,few clouds
255,Maryville,35.7565,-83.9705,84.49,74,98,3.4,overcast clouds
256,Douglas,41.3,-96.167,81.46,55,1,1.99,clear sky
257,Delta,5.5,6.0,72.68,94,64,3.09,broken clouds
258,Nowy Dwor Gdanski,54.2131,19.1177,61.0,88,12,4.54,few clouds
259,Aksu,41.1231,80.2644,75.36,39,24,4.68,few clouds
260,Port Lincoln,-34.7333,135.8667,58.32,71,0,10.58,clear sky
261,Hazel Crest,41.5717,-87.6945,77.95,76,1,1.99,clear sky
262,Velizh,55.6056,31.1967,55.22,97,100,6.98,overcast clouds
263,Pasighat,28.0667,95.3333,75.94,99,100,4.85,overcast clouds
264,Benguela,-12.5763,13.4055,69.37,90,7,3.51,clear sky
265,Longyearbyen,78.2186,15.6401,42.64,93,90,10.36,light rain
266,Zhigansk,66.7697,123.3711,66.22,47,100,10.11,overcast clouds
267,Pangnirtung,66.1451,-65.7125,52.54,93,100,6.76,light rain
268,Sambava,-14.2667,50.1667,67.03,90,21,7.58,few clouds
269,Flinders,-34.5833,150.8552,62.06,54,0,8.01,clear sky
270,Cabo San Lucas,22.8909,-109.9124,85.6,74,90,4.61,overcast clouds
271,Grand Gaube,-20.0064,57.6608,72.0,84,15,4.0,light rain
272,Qasigiannguit,68.8193,-51.1922,45.27,68,100,4.76,overcast clouds
273,Sterlibashevo,53.4376,55.2578,53.64,48,1,5.39,clear sky
274,Puerto Del Rosario,28.5004,-13.8627,73.15,78,1,14.97,clear sky
275,Hofn,64.2539,-15.2082,53.58,85,100,13.58,overcast clouds
276,Vila Franca Do Campo,37.7167,-25.4333,73.81,82,48,10.8,scattered clouds
277,Panzhihua,26.5851,101.7128,74.14,93,100,1.32,overcast clouds
278,Sobolevo,54.4299,31.8996,55.71,94,99,9.08,overcast clouds
279,Okhotsk,59.3833,143.3,63.64,79,100,7.05,overcast clouds
280,Mubi,10.2676,13.2644,66.87,97,100,1.5,overcast clouds
281,Namanga,-2.5433,36.7905,58.41,83,7,1.83,clear sky
282,Penzance,50.1186,-5.5371,60.01,92,100,17.47,overcast clouds
283,Nzerekore,7.7562,-8.8179,69.57,99,100,3.13,light rain
284,Camabatela,-8.1881,15.375,59.43,94,38,4.81,scattered clouds
285,Damghan,36.1683,54.348,78.62,31,4,2.51,clear sky
286,Egvekinot,66.3167,-179.1667,48.33,64,95,6.06,overcast clouds
287,Cabedelo,-6.9811,-34.8339,74.07,82,1,11.72,clear sky
288,Minudasht,37.2289,55.3747,80.17,65,0,0.0,clear sky
289,Shitanjing,39.2342,106.3439,73.33,41,1,4.36,clear sky
290,Carupano,10.6678,-63.2585,78.67,89,100,7.34,overcast clouds
291,Sawakin,19.1059,37.3321,90.54,58,14,0.89,few clouds
292,Nelson Bay,-32.7167,152.15,65.77,76,95,1.99,overcast clouds
293,Biltine,14.5333,20.9167,79.75,72,81,1.41,broken clouds
294,Lewisporte,49.2499,-55.0482,68.13,85,100,7.61,overcast clouds
295,Ponta Do Sol,32.6667,-17.1,72.23,81,9,4.52,clear sky
296,Gorin,51.1983,136.6669,71.02,58,81,3.8,broken clouds
297,Porto Novo,6.4965,2.6036,78.62,90,100,5.91,overcast clouds
298,Fasa,28.9383,53.6482,70.84,26,0,6.91,clear sky
299,Krasnoturinsk,59.7666,60.2086,50.76,80,35,3.36,scattered clouds
300,Fortuna Foothills,32.6578,-114.4119,103.21,33,1,5.01,clear sky
301,Nalut,30.3333,10.85,87.35,17,3,10.71,clear sky
302,Namatanai,-3.6667,152.4333,83.55,72,100,7.74,light rain
303,Jinchang,38.4953,102.1739,74.46,38,0,2.48,clear sky
304,Moerai,-22.4333,-151.3333,73.47,81,100,7.99,light rain
305,San Cristobal,7.7669,-72.225,75.38,97,96,2.62,overcast clouds
306,Arona,28.0996,-16.681,66.72,77,75,8.05,broken clouds
307,Pontianak,-0.0333,109.3333,76.98,94,75,0.0,broken clouds
308,Samarai,-10.6167,150.6667,79.02,85,97,15.97,moderate rain
309,Komsomolskiy,40.4272,71.7189,77.72,29,73,6.91,broken clouds
310,Kavieng,-2.5744,150.7967,81.09,78,100,8.84,light rain
311,Numaligarh,26.6333,93.75,76.93,96,100,4.23,overcast clouds
312,Bria,6.5423,21.9863,69.21,96,100,1.63,overcast clouds
313,Zyryanka,65.75,150.85,74.79,42,15,4.65,few clouds
314,Walvis Bay,-22.9575,14.5053,52.09,81,0,6.91,clear sky
315,Marzuq,14.4,46.4667,78.76,42,2,4.79,clear sky
316,Lazaro Cardenas,17.9583,-102.2,81.05,79,100,6.04,overcast clouds
317,Ostrovnoy,68.0531,39.5131,60.51,68,100,3.83,overcast clouds
318,Londoko,49.0333,131.9833,73.56,53,18,1.25,few clouds
319,Ishigaki,24.3448,124.1572,78.93,94,75,11.5,broken clouds
320,Ambilobe,-13.2,49.05,65.35,84,0,3.24,clear sky
321,Atar,20.5169,-13.0499,95.38,14,99,12.1,overcast clouds
322,Dunedin,-45.8742,170.5036,55.8,52,3,10.0,clear sky
323,Condado,21.8767,-79.8403,84.36,88,35,5.46,scattered clouds
324,Moroto,2.5345,34.6666,68.04,63,72,3.27,broken clouds
325,Touros,-5.1989,-35.4608,76.1,79,3,14.14,clear sky
326,Indi,17.1667,75.9667,76.75,75,100,9.55,overcast clouds
327,Babstovo,48.1167,132.4833,74.16,55,0,0.98,clear sky
328,Kahului,20.8947,-156.47,86.02,67,20,24.16,few clouds
329,Lavrentiya,65.5833,-171.0,44.29,60,78,9.64,broken clouds
330,Deputatskiy,69.3,139.9,58.73,63,98,8.81,overcast clouds
331,Itarema,-2.9248,-39.9167,79.0,81,6,15.39,clear sky
332,Kodinar,20.7903,70.7031,80.55,81,100,13.51,overcast clouds
333,Coihaique,-45.5752,-72.0662,44.55,70,0,3.44,clear sky
334,Nortelandia,-14.4547,-56.8028,68.67,55,10,2.86,clear sky
335,Hammerfest,70.6634,23.6821,52.25,87,75,3.44,broken clouds
336,Puertollano,38.6871,-4.1073,82.15,28,0,1.97,clear sky
337,Velikooktyabrskiy,57.4333,33.8159,56.84,96,100,10.65,light rain
338,Lebu,-37.6167,-73.65,46.98,81,0,2.8,clear sky
339,Shingu,33.7333,135.9833,79.92,89,100,8.84,overcast clouds
340,Pangai,-19.8,-174.35,75.31,60,40,11.5,scattered clouds
341,Isangel,-19.55,169.2667,78.91,57,75,10.36,haze
342,Kelvington,52.1667,-103.5343,65.86,28,5,14.63,clear sky
343,Vung Tau,10.346,107.0843,81.99,77,96,6.8,overcast clouds
344,Caraballeda,10.6112,-66.8522,82.47,83,8,9.22,clear sky
345,Blieskastel,49.2372,7.2562,67.44,89,99,0.6,overcast clouds
346,Nueva Concepcion,14.2,-91.3,84.15,87,83,2.33,broken clouds
347,George,-33.963,22.4617,44.15,93,40,4.61,light rain
348,Reconquista,-29.15,-59.65,46.53,65,0,6.85,clear sky
349,Burgeo,47.6167,-57.6152,63.72,95,100,11.12,overcast clouds
350,Byron Bay,-28.65,153.6167,73.35,69,2,9.28,clear sky
351,Nampula,-15.1165,39.2666,64.35,94,20,4.61,few clouds
352,Bilibino,68.0546,166.4372,66.81,40,99,8.1,overcast clouds
353,Jerantut,3.936,102.3626,78.87,80,97,0.94,overcast clouds
354,Soyo,-6.1349,12.3689,71.96,92,94,5.86,overcast clouds
355,Nianzishan,47.5167,122.8833,58.3,94,100,8.37,overcast clouds
356,Sai Buri,6.7013,101.6168,76.71,85,100,3.24,overcast clouds
357,Tromso,69.6496,18.957,54.25,100,75,2.3,broken clouds
358,Barbacoas,1.6715,-78.1398,73.98,95,86,2.73,light rain
359,Kaili,-3.4626,120.2147,73.99,81,92,2.17,overcast clouds
360,Keetmanshoop,-26.5833,18.1333,43.72,75,8,5.75,clear sky
361,Saharsa,25.8833,86.6,80.06,91,100,2.91,overcast clouds
362,Tura,25.5198,90.2201,75.0,97,100,6.91,overcast clouds
363,Bethanien,-26.502,17.1583,42.46,76,0,6.82,clear sky
364,Hasaki,35.7333,140.8333,72.0,92,100,1.1,overcast clouds
365,Boffa,10.1667,-14.0333,76.12,93,100,1.92,light rain
366,Maunabo,18.0072,-65.8993,82.71,94,100,12.53,overcast clouds
367,Paris,48.8534,2.3488,69.26,79,0,1.01,clear sky
368,Mendoza,-32.8908,-68.8272,51.33,50,0,0.0,clear sky
369,Ha Tinh,18.3333,105.9,89.1,59,96,8.25,overcast clouds
370,Ayan,56.45,138.1667,67.98,64,96,1.83,overcast clouds
371,Saint-Pierre,-21.3393,55.4781,69.44,69,0,6.91,clear sky
372,Churapcha,62.0025,132.4325,77.16,45,6,6.35,clear sky
373,Sao Marcos,-28.9711,-51.0681,45.57,89,100,5.28,overcast clouds
374,Pierre,44.3683,-100.351,83.32,46,40,4.0,scattered clouds
375,Yuncheng,35.0231,110.9928,71.96,75,100,1.45,light rain
376,Papara,-3.9839,-38.7273,79.2,95,58,4.32,broken clouds
377,Conceicao Do Araguaia,-8.2578,-49.2647,86.13,42,0,2.3,clear sky
378,Conselheiro Pena,-19.1722,-41.4722,68.94,74,0,4.34,clear sky
379,Blythe,33.6103,-114.5964,102.04,25,6,3.29,clear sky
380,Baryatino,54.3121,34.521,53.01,98,9,7.58,clear sky
381,Haines Junction,60.7522,-137.5108,62.55,59,100,8.05,light rain
382,Bathsheba,13.2167,-59.5167,79.41,89,75,10.36,broken clouds
383,Olafsvik,64.8945,-23.7142,54.68,87,30,5.95,scattered clouds
384,Bom Jesus,-9.0744,-44.3586,74.05,41,7,2.46,clear sky
385,Southend-On-Sea,51.5378,0.7143,60.85,89,0,9.22,clear sky
386,Ha Giang,22.8333,104.9833,82.02,91,100,0.76,overcast clouds
387,Zalantun,48.0,122.7167,58.55,92,100,6.69,overcast clouds
388,Morgan City,29.6994,-91.2068,75.2,100,40,3.44,scattered clouds
389,Belle Fourche,44.6714,-103.8522,79.45,22,38,11.86,scattered clouds
390,Broken Hill,-31.95,141.4333,53.31,71,1,6.91,clear sky
391,Magadan,59.5667,150.8,57.52,81,86,8.46,overcast clouds
392,Upernavik,72.7868,-56.1549,43.63,87,100,10.38,overcast clouds
393,Marsaxlokk,35.8419,14.5431,83.08,78,0,1.14,clear sky
394,Mahajanga,-15.7167,46.3167,68.02,88,20,2.3,few clouds
395,Ketchikan,55.3422,-131.6461,72.09,65,35,6.24,scattered clouds
396,Gazojak,41.1875,61.4036,77.18,36,0,10.74,clear sky
397,Coolum Beach,-26.5333,153.1,75.34,69,3,3.33,clear sky
398,Kikwit,-5.041,18.8162,75.99,65,7,2.24,light rain
399,Starotimoshkino,53.7191,47.5312,72.46,32,99,15.57,overcast clouds
400,Masuguru,-11.3667,38.4167,65.95,76,2,3.33,clear sky
401,Muros,42.7762,-9.0603,67.23,88,3,8.14,clear sky
402,Puerto Maldonado,-12.6,-69.1833,64.8,88,8,3.44,clear sky
403,Half Moon Bay,37.4636,-122.4286,88.97,74,75,1.01,broken clouds
404,Owen Sound,44.5672,-80.9435,78.89,79,19,1.01,few clouds
405,Skjervoy,70.0311,20.9714,52.95,91,100,2.64,overcast clouds
406,Tatawin,32.9297,10.4518,90.48,35,0,1.52,clear sky
407,Nogent-Le-Rotrou,48.3333,1.0,62.65,84,7,6.6,clear sky
408,Plouzane,48.3833,-4.6167,57.25,93,0,4.61,clear sky
409,Oskarshamn,57.2645,16.4484,60.8,81,82,6.31,broken clouds
410,Qui Nhon,13.7667,109.2333,85.64,63,100,5.48,overcast clouds
411,Roald,62.5833,6.1333,63.91,94,20,6.91,few clouds
412,Hovd,48.0056,91.6419,68.59,35,87,1.95,overcast clouds
413,Lebork,54.5392,17.7501,58.91,86,17,5.1,few clouds
414,Raga,8.4596,25.678,67.78,98,82,3.96,light rain
415,Belmonte,-15.8631,-38.8828,70.3,79,70,6.17,broken clouds
416,Gedzhukh,42.1279,48.0647,78.12,46,5,3.89,clear sky
417,Vestmannaeyjar,63.4427,-20.2734,53.89,86,100,4.52,overcast clouds
418,Bahia Honda,22.9036,-83.1592,80.94,81,2,9.66,clear sky
419,Asgardstrand,59.3489,10.4675,64.63,60,90,1.01,overcast clouds
420,Impfondo,1.6381,18.0667,69.93,94,86,2.19,overcast clouds
421,Kinablangan,7.6947,126.5503,83.77,69,79,2.66,broken clouds
422,Yar-Sale,66.8333,70.8333,57.63,72,100,7.94,overcast clouds
423,Sioux Lookout,50.1001,-91.917,57.58,72,75,13.8,broken clouds
424,Havoysund,70.9963,24.6622,52.68,91,92,4.5,overcast clouds
425,Hvide Sande,56.0045,8.1294,64.0,87,100,11.99,overcast clouds
426,Sao Joao Da Barra,-21.6403,-41.0511,69.13,88,57,10.02,broken clouds
427,Mawlaik,23.6333,94.4167,78.08,98,100,1.01,overcast clouds
428,Ciupercenii Noi,43.9097,22.9483,62.1,49,0,9.6,clear sky
429,Vardo,70.3705,31.1107,51.22,92,100,7.61,overcast clouds
430,Arrecife,28.963,-13.5477,73.47,73,90,11.5,overcast clouds
431,Byumba,-1.5763,30.0675,53.8,78,90,1.54,light rain
432,Awjilah,29.1081,21.2869,85.12,46,0,13.31,clear sky
433,Mongu,-15.2484,23.1274,54.9,39,0,3.96,clear sky
434,Ossora,59.2353,163.0719,65.89,58,8,9.91,clear sky
435,Goya,-29.14,-59.2626,45.93,70,1,5.44,clear sky
436,Curvelo,-18.7564,-44.4308,69.35,43,0,8.84,clear sky
437,Lensk,60.7253,114.9278,71.2,71,87,1.54,overcast clouds
438,Maldonado,-34.6667,-54.9167,42.19,93,0,4.27,clear sky
439,Tallahassee,30.4383,-84.2807,78.53,88,75,4.61,broken clouds
440,Yulara,-25.2406,130.9889,55.24,33,0,18.41,clear sky
441,Vagur,61.4732,-6.8119,52.38,92,100,19.57,overcast clouds
442,Pontal Do Parana,-25.6533,-48.5128,55.33,97,100,6.38,heavy intensity rain
443,Pennagaram,12.1333,77.9,73.0,83,100,1.68,overcast clouds
444,Paita,-5.0892,-81.1144,65.84,82,99,15.7,overcast clouds
445,Sayyan,15.1718,44.3244,66.09,48,38,2.33,scattered clouds
446,Varzea Da Palma,-17.5981,-44.7308,71.78,40,5,7.58,clear sky
447,Pitimbu,-7.4706,-34.8086,73.99,83,5,10.4,clear sky
448,Rovnoye,50.7765,46.0509,77.58,42,91,12.17,overcast clouds
449,Rangapara,26.8167,92.65,77.5,94,100,6.64,overcast clouds
450,Arlit,18.7369,7.3853,83.17,52,57,15.28,broken clouds
451,Meulaboh,4.1363,96.1285,76.69,89,100,6.15,overcast clouds
452,Taltal,-25.4,-70.4833,57.34,74,0,3.65,clear sky
453,Neuquen,-38.9516,-68.0591,51.69,58,0,2.3,clear sky
454,Obo,5.3998,26.4869,66.9,98,56,2.84,broken clouds
455,Naryan-Mar,67.6713,53.087,58.17,95,100,1.66,overcast clouds
456,Esperance,-33.8667,121.9,49.84,70,7,10.22,clear sky
457,Westport,41.1415,-73.3579,85.08,78,1,5.01,clear sky
458,Pilar,-9.5972,-35.9567,71.53,92,15,1.7,few clouds
459,Biloela,-24.4167,150.5,75.51,31,0,6.33,clear sky
460,Rudnichnyy,59.617,52.4703,52.95,72,73,6.22,broken clouds
461,San Lorenzo,-25.3333,-57.5333,56.34,62,0,6.91,clear sky
462,Iisalmi,63.5592,27.1907,59.02,90,97,4.09,overcast clouds
463,Talara,-4.5772,-81.2719,63.45,92,28,13.0,scattered clouds
464,Yerkoy,39.6381,34.4672,65.68,74,55,5.01,broken clouds
465,Kirksville,40.1948,-92.5833,73.58,94,20,3.44,few clouds
466,Iqaluit,63.7506,-68.5145,40.73,100,90,4.61,fog
467,Conceicao Da Barra,-18.5933,-39.7322,68.88,89,10,4.56,clear sky
468,Havre-Saint-Pierre,50.2334,-63.5986,64.76,94,90,11.5,overcast clouds
469,Lawang,-7.8353,112.6947,74.73,72,55,2.24,broken clouds
470,Litovko,49.2361,135.1742,70.36,65,13,2.51,few clouds
471,Togur,58.3631,82.8265,49.95,78,100,10.65,overcast clouds
472,Russell,32.3502,-85.1999,83.91,65,75,23.02,broken clouds
473,Ust-Kuyga,70.0167,135.6,62.47,62,100,13.13,overcast clouds
474,Robinson,31.4677,-97.1147,95.25,50,1,1.01,clear sky
475,San Quintin,30.4833,-115.95,77.4,65,0,8.03,clear sky
476,High Level,58.5169,-117.136,73.51,40,75,6.91,broken clouds
477,Santa Luzia,-19.7697,-43.8514,67.28,66,0,9.22,clear sky
478,Bereda,43.2686,-7.5406,59.58,100,76,3.33,broken clouds
479,Port Moresby,-9.4431,147.1797,83.62,74,40,5.75,haze
480,Belsand,26.45,85.4,80.28,91,100,6.35,moderate rain
481,Emerald,-23.5333,148.1667,71.74,60,0,9.22,clear sky
482,Omsukchan,62.5333,155.8,70.05,48,100,5.84,overcast clouds
483,Qarqin,37.4185,66.0436,79.93,24,0,10.13,clear sky
484,Ixtapa,20.7,-105.2,81.23,86,36,1.01,scattered clouds
485,Ninghai,29.2892,121.4247,78.48,94,100,3.13,light rain
486,Teknaf,20.8624,92.3058,80.92,87,100,6.29,overcast clouds
487,Conde,-7.2597,-34.9075,72.86,94,20,2.3,few clouds
488,Caravelas,-17.7125,-39.2481,69.48,88,35,4.9,scattered clouds
489,Nioro,13.35,-15.75,76.42,84,83,4.79,broken clouds
490,Zabaykalsk,49.6333,117.3167,57.96,87,84,11.34,broken clouds
491,Bilma,18.6853,12.9164,90.68,36,24,15.3,few clouds
492,Stornoway,58.2093,-6.3865,55.92,94,90,26.46,moderate rain
493,Los Llanos De Aridane,28.6585,-17.9182,69.55,89,20,10.36,few clouds
494,Satipo,-11.2522,-74.6386,73.78,75,98,2.35,overcast clouds
495,Praia,14.9215,-23.5087,77.54,73,40,16.11,scattered clouds
496,Scottsbluff,41.8666,-103.6672,86.23,28,1,8.01,clear sky
497,Platanos,37.6667,21.6167,77.56,47,0,4.83,clear sky
498,Olinda,-8.0089,-34.8553,76.73,78,40,5.75,scattered clouds
499,Masterton,-40.9597,175.6575,58.19,77,33,6.85,scattered clouds
500,Karatau,43.1667,70.4667,65.37,41,0,5.19,clear sky
501,Kumbo,6.2,10.6667,57.6,97,100,2.53,overcast clouds
502,Dzhebariki-Khaya,62.2167,135.8,77.88,47,8,2.57,clear sky
503,Zlitan,32.4674,14.5687,80.29,83,0,4.72,clear sky
504,Tezu,27.9167,96.1667,75.56,99,100,4.36,overcast clouds
505,Price,39.5994,-110.8107,93.11,9,1,11.5,clear sky
506,Wencheng,33.0559,113.7978,70.36,98,100,7.99,moderate rain
507,West Wendover,40.7391,-114.0733,96.01,14,1,3.44,clear sky
508,Emmett,43.8735,-116.4993,103.48,21,22,11.21,few clouds
509,Shimoda,34.6667,138.95,78.91,86,100,16.82,moderate rain
510,Hohhot,40.8106,111.6522,68.29,60,0,4.47,clear sky
511,Innellan,55.8919,-4.9616,56.98,90,95,8.37,overcast clouds
512,Esterhazy,50.65,-102.0843,67.05,24,3,15.68,clear sky
513,Vostok,46.4856,135.8833,71.73,44,4,2.73,clear sky
514,Geraldton,-28.7667,114.6,48.61,76,0,14.97,clear sky
515,Yerbogachen,61.2767,108.0108,70.99,53,100,2.95,overcast clouds
516,Sao Joao Do Piaui,-8.3581,-42.2467,76.64,41,4,5.88,clear sky
517,Bengkulu,-3.8004,102.2655,75.74,80,100,3.51,overcast clouds
518,Pedernales,18.0384,-71.744,82.94,73,100,6.91,overcast clouds
519,Turukhansk,65.8167,87.9833,49.69,66,0,8.72,clear sky
520,Manuk Mangkaw,4.8,119.85,82.2,78,77,7.81,broken clouds
521,College,64.8569,-147.8028,60.78,74,90,5.75,light rain
522,Usinsk,65.9939,57.5281,58.62,99,100,8.97,overcast clouds
523,Carndonagh,55.25,-7.2667,53.11,84,31,14.32,scattered clouds
524,Bolotnoye,55.6717,84.3981,50.99,96,100,9.48,overcast clouds
525,Waingapu,-9.6567,120.2641,84.06,67,10,14.45,clear sky
526,Sur,22.5667,59.5289,86.5,61,89,5.08,overcast clouds
527,Ghanzi,-21.5667,21.7833,51.84,44,5,9.46,clear sky
528,Clayton,33.5335,-84.3666,86.92,80,75,9.22,thunderstorm
529,Bahia Blanca,-38.7196,-62.2724,44.56,62,0,9.15,clear sky
530,Santa Maria,-29.6842,-53.8069,49.3,87,20,4.61,few clouds
531,Homer,59.6425,-151.5483,66.07,70,1,10.36,clear sky
532,Nishihara,26.1842,127.7558,83.86,89,75,14.97,broken clouds
533,Bandarbeyla,9.4942,50.8122,74.79,86,58,22.62,broken clouds
534,Ivanovka,42.8878,75.085,63.03,52,0,1.88,clear sky
535,Udachnyy,66.4167,112.4,63.91,59,100,6.91,overcast clouds
536,Welver,51.6167,7.9667,66.33,83,53,3.09,broken clouds
537,Sabirabad,40.0095,48.4752,72.59,43,6,4.72,clear sky
538,Ivanava,52.1451,25.5365,54.75,94,6,6.44,clear sky
539,Tyler,32.3513,-95.3011,93.25,65,1,8.05,clear sky
540,Beyneu,45.3167,55.2,74.95,38,0,12.53,clear sky
541,Maniitsoq,65.4167,-52.9,47.68,74,95,8.55,overcast clouds
542,Kholodnyy,62.7167,147.95,75.02,38,97,8.23,overcast clouds
543,Coleraine,55.1333,-6.6667,57.92,83,15,16.93,few clouds
544,Taonan,45.3333,122.7833,65.73,79,80,11.63,broken clouds
545,Rovaniemi,66.5,25.7167,54.81,100,20,3.44,few clouds
546,Zeya,53.75,127.2667,72.14,61,12,3.04,few clouds
547,Leh,34.1667,77.5833,59.9,47,14,4.92,few clouds
548,Stephenville,32.2207,-98.2023,93.54,42,1,10.36,clear sky
549,Ialibu,-6.2821,143.9935,68.99,62,39,3.91,scattered clouds
550,Maralal,1.0968,36.698,57.45,81,22,3.83,few clouds
551,Bintulu,3.1667,113.0333,75.61,100,40,0.0,moderate rain
552,Poso,-1.3959,120.7524,84.67,64,33,2.33,scattered clouds
553,Springbok,-29.6643,17.8865,37.26,81,0,7.61,clear sky
554,Tres Arroyos,-38.3739,-60.2798,39.56,69,0,9.31,clear sky
555,Vikulovo,56.8167,70.6107,48.36,84,89,6.17,overcast clouds
556,Pavlogradka,54.2024,73.5592,50.45,80,8,10.65,clear sky
557,Ariquemes,-9.9133,-63.0408,78.35,40,5,2.71,clear sky
558,Colares,38.7992,-9.4469,69.48,71,0,16.31,clear sky
559,Altay,47.8667,88.1167,74.46,34,100,3.33,overcast clouds
560,Mezen,65.8522,44.24,60.55,93,100,5.12,overcast clouds
561,Dunmore East,52.1514,-6.9861,58.68,72,0,6.91,clear sky
562,Mayor Pablo Lagerenza,-19.9309,-60.7718,58.01,47,100,5.46,overcast clouds
563,Comodoro Rivadavia,-45.8667,-67.5,62.46,27,0,11.5,clear sky
564,Marsa Matruh,31.3525,27.2453,80.8,78,0,6.91,clear sky
565,Christchurch,-43.5333,172.6333,48.4,87,75,5.75,light rain
566,Port Hedland,-20.3167,118.5667,71.65,20,0,14.97,clear sky
567,Yenotayevka,47.2456,47.0281,79.61,51,100,16.11,overcast clouds
568,Miro Khan,27.7599,68.0921,80.71,63,12,8.12,few clouds
569,Lamar,33.6668,-95.5836,93.11,54,1,9.22,clear sky
570,Road Town,18.4167,-64.6167,82.2,79,100,21.32,overcast clouds
571,Abu Kamal,34.4506,40.9171,88.66,24,0,2.89,clear sky
572,Mount Gambier,-37.8333,140.7667,53.51,82,0,11.07,clear sky
573,Huntsville,34.7304,-86.5861,83.53,81,1,5.01,clear sky
574,Vao,-22.6667,167.4833,67.8,66,77,16.46,broken clouds
575,Coahuayana,18.7333,-103.6833,81.01,82,43,3.56,scattered clouds
576,Lengshuitan,26.4111,111.5956,87.13,66,89,8.37,overcast clouds
577,Beloha,-25.1667,45.05,60.21,92,0,4.45,clear sky
578,Krasnoye,49.9145,24.6134,51.15,84,0,2.89,clear sky
579,Kazachinskoye,57.6953,93.2761,62.87,92,79,4.0,broken clouds
580,Black River,18.0264,-77.8487,82.4,81,100,6.93,overcast clouds
581,Morehead,37.2711,-87.1764,87.51,75,1,0.0,clear sky
582,Marquette,46.5333,-87.6335,69.76,47,0,9.1,clear sky
583,Kayes,14.0,-11.0,78.12,84,22,4.47,few clouds
584,Panelas,-8.6636,-36.0058,61.74,96,3,4.03,clear sky
585,Marawi,7.9986,124.2928,73.65,76,53,0.83,broken clouds
586,Payo,-3.7508,103.6372,77.32,62,100,1.21,overcast clouds
587,Vila,42.0304,-8.1588,59.32,82,0,4.34,clear sky
588,Marienburg,54.0359,19.0266,60.89,87,12,4.61,few clouds
589,Kudahuvadhoo,2.6708,72.8944,82.72,72,100,16.67,overcast clouds
590,Marfino,55.7028,37.3822,61.88,94,0,6.71,clear sky
591,Jacmel,18.2342,-72.5347,84.04,82,96,3.36,overcast clouds
592,Xai-Xai,-25.0519,33.6442,68.27,76,100,20.56,overcast clouds
593,San Policarpo,12.1791,125.5072,83.12,75,100,1.59,overcast clouds
594,Taybad,34.74,60.7756,77.0,20,0,11.61,clear sky
595,Harper,4.375,-7.7169,76.96,78,100,13.56,overcast clouds
596,Nehe,48.4833,124.8333,63.82,85,100,8.7,overcast clouds
597,Mecca,21.4267,39.8261,90.84,24,90,5.53,overcast clouds
598,Sile,41.1754,29.6133,72.57,72,0,11.23,clear sky
599,Vysokogornyy,50.1167,139.15,72.46,49,25,0.56,scattered clouds
600,Darnah,32.767,22.6367,79.41,81,0,6.26,clear sky
601,Timizart,36.8,4.2667,86.22,20,0,6.76,clear sky
602,Matay,28.419,30.7792,83.95,41,0,8.43,clear sky
603,Ambagarh Chauki,20.7833,80.7167,76.82,86,97,5.77,overcast clouds
604,Luebo,-5.35,21.4167,74.07,65,35,2.04,scattered clouds
605,Methoni,36.8197,21.7049,73.26,63,0,8.77,clear sky
606,Alvinopolis,-20.1067,-43.0489,61.52,70,2,1.9,clear sky
607,Bogorodskoye,56.55,37.8833,55.31,96,76,7.14,broken clouds
608,Sangar,63.9242,127.4739,72.79,36,37,9.44,scattered clouds
609,Rorvik,64.8621,11.2373,57.0,86,37,10.98,scattered clouds
610,Gaptsakh,41.4517,47.9303,67.3,41,65,7.94,broken clouds
611,Abu Zabad,12.35,29.25,76.1,75,74,5.55,broken clouds
612,Makakilo City,21.3469,-158.0858,89.92,48,40,11.5,scattered clouds
613,Hambantota,6.1241,81.1185,77.34,88,75,4.61,broken clouds
614,Belmopan,17.25,-88.7667,85.28,78,0,3.58,clear sky
615,Springdale,36.1867,-94.1288,91.53,56,1,6.91,clear sky
616,Yashkul,46.1711,45.3435,81.19,59,100,8.12,overcast clouds
617,San Rafael,-34.6177,-68.3301,50.68,40,0,7.52,clear sky
618,Tambovka,50.0969,128.0489,64.51,68,0,2.73,clear sky
619,Gobabis,-22.45,18.9667,43.81,58,4,9.37,clear sky
620,Umba,66.6871,34.3429,57.79,79,100,3.18,overcast clouds
621,Griffith,41.5284,-87.4237,78.98,74,1,1.99,clear sky
622,Pacific Grove,36.6177,-121.9166,94.15,76,1,1.99,clear sky
623,Ancud,-41.8697,-73.8203,42.33,89,0,3.11,clear sky
624,Karera,25.4667,78.15,78.67,81,100,10.87,overcast clouds
625,Gornyy,55.1153,83.9059,49.8,97,100,9.4,light rain
626,Henties Bay,-22.116,14.2845,51.85,91,7,9.17,clear sky
627,Bonoua,5.2741,-3.595,78.42,82,100,6.78,overcast clouds
628,Codrington,-38.2667,141.9667,55.36,72,0,15.68,clear sky
629,Beringovskiy,63.05,179.3167,48.9,77,99,11.03,overcast clouds
630,Safakulevo,54.9901,62.5442,52.77,64,100,1.59,overcast clouds
631,Kirriemuir,56.674,-3.0034,53.31,93,100,3.94,overcast clouds
632,Sicuani,-14.2694,-71.2261,49.35,36,15,2.73,few clouds
633,Baykit,61.67,96.37,65.39,70,98,2.66,overcast clouds
634,Banda Aceh,5.5577,95.3222,80.56,76,77,9.86,broken clouds
635,Joaima,-16.6542,-41.0306,65.91,75,9,2.75,clear sky
636,Warrington,53.3925,-2.5802,60.91,82,0,8.05,clear sky
637,Kemijarvi,66.7131,27.4306,51.08,97,26,2.84,scattered clouds
638,Auki,-8.7676,160.7034,75.0,94,100,3.15,overcast clouds
639,Mersing,2.4312,103.8405,75.11,94,40,3.44,scattered clouds
640,Galveston,29.3669,-94.9669,88.95,77,8,1.01,clear sky
641,Luancheng,37.8792,114.6517,77.16,79,58,2.48,broken clouds
642,Aripuana,-9.1667,-60.6333,77.04,41,33,1.79,scattered clouds
643,Culiacan,24.7994,-107.3897,87.64,67,79,7.36,broken clouds
644,Bontang,0.1333,117.5,78.4,85,100,1.97,light rain
645,Severo-Yeniseyskiy,60.3725,93.0408,57.78,96,100,2.1,light rain
646,Maltahohe,-24.8333,16.9833,41.65,66,4,16.02,clear sky
647,Cockburn Town,21.4612,-71.1419,82.36,78,75,13.8,broken clouds
648,Champerico,14.3,-91.9167,84.74,73,31,2.93,scattered clouds
649,Kindu,-2.95,25.95,69.44,92,6,2.46,light rain
650,Vazante,-17.9869,-46.9078,70.14,35,9,2.8,clear sky
651,Onega,63.9061,38.1404,59.72,97,100,8.12,overcast clouds
652,Chimbote,-9.0853,-78.5783,62.96,83,98,9.57,overcast clouds
653,Lagodekhi,41.8268,46.2767,72.61,43,0,3.56,clear sky
654,Grass Valley,39.2191,-121.0611,94.77,26,1,5.75,clear sky
655,Teahupoo,-17.8333,-149.2667,76.96,72,3,13.04,clear sky
656,Kathmandu,27.7167,85.3167,71.82,100,75,0.0,broken clouds
657,Tadine,-21.55,167.8833,72.03,54,31,14.97,scattered clouds
658,Mega,4.05,38.3,59.31,69,70,16.42,broken clouds
659,Pervomayskoye,43.919,46.7102,72.09,62,36,2.91,scattered clouds
660,Moradabad,28.8333,78.7833,82.51,72,100,0.25,overcast clouds
661,Thanh Hoa,19.8,105.7667,82.33,82,100,3.65,overcast clouds
662,Ugoofaaru,5.6667,73.0,82.53,71,100,16.87,overcast clouds
663,Elizabeth City,36.2946,-76.2511,90.01,83,1,1.01,clear sky
664,Anadyr,64.75,177.4833,46.9,81,20,13.42,few clouds
665,Corund,46.4667,25.1833,57.27,88,5,4.14,light rain
666,Bubaque,11.2833,-15.8333,79.77,78,82,7.52,broken clouds
667,Hurghada,27.2574,33.8129,89.64,20,0,9.22,clear sky
668,Joensuu,62.6012,29.7632,62.28,86,0,5.75,clear sky
669,Ranfurly,-45.1333,170.1,50.65,78,39,4.92,scattered clouds
670,Monastyrshchina,54.3496,31.838,55.51,94,100,9.17,overcast clouds
671,Kargasok,59.0556,80.8572,50.92,70,100,13.42,overcast clouds
672,Noyabrsk,63.1994,75.4507,55.49,70,93,7.27,overcast clouds
673,Biankouma,7.7391,-7.6138,69.8,99,100,2.66,light rain
674,North Bend,43.4065,-124.2243,80.24,88,1,12.66,clear sky
675,Kodinsk,58.6881,99.1844,64.35,76,100,2.39,overcast clouds
676,Lakeside,30.13,-81.7682,84.11,80,1,1.01,haze
677,Na Klang,17.3072,102.1889,78.85,86,100,2.57,overcast clouds
678,Labuan,5.2767,115.2417,80.96,94,20,0.0,few clouds
679,Sampit,-2.5333,112.95,80.73,78,24,4.09,few clouds
680,Erzin,36.9559,36.2,79.0,69,0,1.86,clear sky
681,Manta,-0.95,-80.7333,73.18,83,0,8.05,clear sky
682,Pavlovka,52.6897,47.1405,72.32,30,53,13.8,broken clouds
683,Kuandian,40.7286,124.7847,72.0,72,0,3.87,clear sky
684,Aykhal,66.0,111.5,64.24,55,100,5.95,overcast clouds
685,Sabha,27.0377,14.4283,88.63,15,0,11.01,clear sky
686,Sibolga,1.7427,98.7792,78.13,84,82,1.92,broken clouds
687,Buala,-8.145,159.5921,76.91,92,100,10.74,moderate rain
688,Bartica,6.4,-58.6167,77.32,98,100,1.28,overcast clouds
689,Manono,-7.3,27.4167,71.37,35,5,3.8,clear sky
690,Darhan,49.4867,105.9228,65.8,76,16,2.26,few clouds
691,Andros Town,24.7,-77.7667,82.36,71,10,16.24,clear sky
692,Oparino,59.8518,48.2783,60.26,62,29,8.79,scattered clouds
693,Micheweni,-4.9667,39.8333,73.67,84,20,10.29,few clouds
694,Shizunai,42.3339,142.3669,66.16,65,100,11.03,overcast clouds
695,Karratha,-20.7377,116.8463,70.07,23,0,17.05,clear sky
696,Coffs Harbour,-30.3,153.1333,64.36,89,75,5.75,broken clouds
